force_mean,force_std,force_variance,force_min,force_max,torque_mean,torque_std,torque_variance,torque_min,torque_max,max_force_rate,mean_force_rate,max_torque_rate,mean_torque_rate,force_jerk_rms,torque_jerk_rms,force_jerk_max,torque_jerk_max,force_reversals,torque_reversals,pct_extreme_force,pct_extreme_torque,time_extreme_force,time_extreme_torque,force_total_variation,torque_total_variation,n_steps,n_commands,duration,original_steps,compression_ratio
7.947802441537938,4.495350060379173,20.20817216535103,0.88357464324979,14.728302048521018,-0.011192517126086111,0.13404305046997195,0.017967539379295447,-0.28088902113314124,0.298772124732658,37.66701506444366,7.830559964737731,29.8772124732658,8.695210586364391,140.07435654423736,141.22997237346993,269.05010760316895,221.31268498715406,38,26,14.634146341463413,0.0,0.8400000000000001,0,84.5700476191675,6.657101503254085,41,41,5.59,560,13.658536585365853
7.431464280725747,4.736533024719987,22.434745094263068,0.9898550040719702,14.004208686718822,-0.004231316776292603,0.10213558562803612,0.010431677851581899,-0.2851089078041902,0.23390817409100917,44.37953169079326,8.901779153669798,28.510890780419018,6.423938595810796,162.56336714574581,107.9765134796256,316.99665493423754,211.19178355865938,38,29,14.634146341463413,0.0,0.8400000000000001,0,96.13921485963382,4.912218387876081,41,41,5.59,560,13.658536585365853
7.7280646412227645,4.340234265899285,18.837633482886307,0.8895485448711828,14.506365542636953,0.003831213477595077,0.145286627291209,0.02110820406965468,-0.30104069027200625,0.3152846533459398,30.63703456615364,6.902136653891508,31.528465334593978,9.744354177941991,118.0451421002037,151.94917596927164,218.83596118681172,233.54418766365907,40,27,13.953488372093023,0.0,0.8400000000000001,0,78.2702296551297,7.856745236727999,43,43,5.87,588,13.674418604651162
8.50144130608712,4.0310797002807135,16.249603550015248,1.0570067924660786,14.133814700748518,-0.0015796919785189454,0.13103433397167913,0.017169996679401542,-0.2827106534303061,0.30364709505021836,34.82306458773424,5.892531265251311,30.364709505021835,8.446192585975941,104.39805904651267,137.24394072049503,248.7361756266731,224.92377411127285,34,26,21.62162162162162,0.0,1.12,0,57.275403898242736,5.736806638336823,37,37,5.029999999999999,504,13.621621621621621
8.35497355153446,4.5382374451622365,20.595599108672666,0.7731401341452326,14.314744093367858,0.0037662286615684636,0.08290303794854309,0.006872913701097576,-0.19799477411337257,0.24771410109628578,44.63408930167519,7.6206622583017225,24.771410109628576,4.7634614959791275,147.57739949618067,86.63400603405414,318.8149235833942,183.49192673798944,40,29,16.27906976744186,0.0,0.8300000000000001,0,86.41831000914155,3.756456001625953,43,43,5.87,588,13.674418604651162
8.505056581639623,4.447611325968882,19.781246506886678,0.8107370733537627,14.828385825274964,-0.026585340934362954,0.12509774187924955,0.01564944502328735,-0.3030894000435256,0.25187108029365646,43.523904764551645,10.166858429440166,30.308940004352557,8.335104681987627,174.84849238929425,134.93437252968192,310.8850340325117,224.5106666989078,32,23,22.857142857142858,0.0,1.12,0,93.33176038226073,5.383309571486492,35,35,4.75,476,13.6
8.322377781918616,3.9441851653590794,15.556596618638627,0.5952491325601315,14.578500028172519,0.0026736477425697925,0.08813630139963498,0.0077680076244073,-0.21743815465720473,0.24947611693930272,25.311500591968134,6.221187119466452,24.94761169393027,5.2750463914742465,103.05429821047484,93.61914612468215,180.79643279977236,184.79712365874272,32,25,11.428571428571429,0.0,0.56,0,57.110497756702024,3.4335749558236923,35,35,4.75,476,13.6
9.075230575077713,4.104926574657593,16.85042218333012,1.8957421199841755,14.68511815520541,-0.003881748196852338,0.10881747250865188,0.011841242323171207,-0.2896138082941354,0.3105915919767481,47.36805938970827,7.059473526214075,31.059159197674813,6.555682585988112,138.82797174534463,115.8246674116281,338.34328135505905,230.06784590870228,34,30,18.91891891891892,0.0,0.8300000000000001,0,68.6180826748008,4.469572285343761,37,37,5.029999999999999,504,13.621621621621621
8.052213628070813,4.096836309986663,16.784067750825137,1.4298136793549745,14.66506987066451,0.0055107914639258675,0.13195331191484047,0.01741167652529518,-0.27731590719549937,0.2986673753922775,48.408671126921895,8.532483101052097,29.86673753922775,8.870223691070837,148.24815586227407,138.5624014423775,345.7762223351564,221.23509288316848,40,30,13.953488372093023,0.0,0.8400000000000001,0,96.75835836593079,7.114059395322751,43,43,5.87,588,13.674418604651162
8.46439897580049,4.699795106491567,22.088074043002077,1.3731569674242252,14.23860955488613,0.0036413743112240562,0.13305159162752953,0.017702726034618886,-0.3124902156456452,0.27960657889135465,46.42937493504666,7.980026473597273,31.249021564564522,8.27966777155903,168.15962839542553,139.1862801030063,331.6383923931904,231.47423381158904,32,22,11.428571428571429,0.0,0.56,0,73.25664302762297,5.343253657726212,35,35,4.75,476,13.6
8.981502100000442,4.140281603808047,17.141931758831337,0.6787938129248153,14.720302898011422,-0.0015655718079803475,0.11020667476506216,0.012145511162772188,-0.3070634285220532,0.23565058764057834,44.41841430140885,9.472696601221385,30.70634285220532,6.85963497358069,168.7758419026925,115.24468789905474,317.27438786720603,227.45439149781717,40,31,13.953488372093023,0.0,0.8400000000000001,0,107.42037945785052,5.450327757665051,43,43,5.87,588,13.674418604651162
7.689026264542413,4.0832278395245005,16.672749589467923,2.030521093017808,14.22233671300734,-0.025171483643355613,0.11410630620465544,0.013020249115670589,-0.3014021923052989,0.25433677028679536,36.09654517525498,5.342418191057345,30.14021923052989,7.504519553099621,104.80044134033017,123.4684992966556,257.83246553753554,223.2608831891103,38,29,9.75609756097561,0.0,0.56,0,57.69811646341933,5.785065926744581,41,41,5.59,560,13.658536585365853
8.63358395195098,4.2643255197252765,18.18447213818025,1.7365452221915902,14.659224515502745,-0.01892903190878134,0.14308423307791293,0.020473097755494513,-0.3111393634006282,0.3145219253883458,31.435853959074834,7.551450812631669,31.452192538834577,9.231661158950098,134.65748757565026,151.86857152719293,224.54181399339166,232.97920399136723,38,27,19.51219512195122,0.0,1.12,0,81.55566877642202,7.114732472651856,41,41,5.59,560,13.658536585365853
8.123598660041939,4.321973143448476,18.6794518526899,0.4818103826143791,14.583350989327096,-0.008931521081729735,0.1378966394825615,0.019015483180583537,-0.3109278934163364,0.30335950431288006,41.51049759246156,6.211474984019307,31.09278934163364,8.762888871742017,119.6255097856926,145.8525832833962,296.5035542318683,230.31695808617508,36,27,15.384615384615385,0.0,0.8400000000000001,0,63.7297333360381,6.361895514133983,39,39,5.309999999999999,532,13.64102564102564
7.610379482877324,4.616203840097464,21.309337893330575,0.7109736548942007,14.58819294049823,-0.00827965376172069,0.12217869803567795,0.014927634253693376,-0.2794472660167676,0.31271599698420094,46.107552677067815,7.283536995706003,31.271599698420093,7.988506363931964,138.68287034132044,127.6269217282328,329.3396619790558,231.64147924755622,38,24,9.75609756097561,0.0,0.56,0,78.66219955362484,6.085057502895486,41,41,5.59,560,13.658536585365853
8.908558350341316,4.109044217575074,16.884244381987155,1.4963634505038694,14.639876650922231,0.0005316688077492132,0.11821775460271827,0.013975437503308517,-0.22203295519011665,0.2762710559269914,47.69349704660135,8.624963409133242,27.62710559269914,7.904849726438305,155.01461702036443,123.17087019205664,340.6678360471525,204.6452266125862,50,34,24.528301886792452,0.0,1.6700000000000002,0,121.09448626423072,7.885112344425125,53,53,7.27,728,13.735849056603774
7.977467767920752,4.950513257220428,24.50758150991521,0.7827257861524829,14.494766798302763,0.0036670848262672184,0.09596697704134363,0.009209660682453776,-0.24634456252862288,0.2753246368614265,46.81997685406766,6.654248567687301,27.53246368614265,5.888345678847803,137.8884438312274,100.86591532906382,334.42840610048324,203.9441754529085,48,38,11.76470588235294,0.0,0.8400000000000001,0,89.83235566377857,5.62561734136006,51,51,6.99,700,13.72549019607843
8.184603205538338,3.586466932589818,12.862745058560217,0.7608948403255278,14.15119138469859,0.01637261408305987,0.11246809332902508,0.012649072017066294,-0.2975864987324738,0.2935960553754918,40.82638021408359,6.625638166996566,29.75864987324738,7.02242981894767,120.31820884086068,119.7296709792358,291.6170015291685,220.4344435055361,44,37,8.51063829787234,0.0,0.56,0,82.29042603409738,6.1510853728543715,47,47,6.43,644,13.702127659574469
8.288495273468365,4.783741110488556,22.884179012178286,0.784206673135665,14.837799724651646,0.004776486147101375,0.1336915513455932,0.017873430901191385,-0.3062349611661064,0.2665661890358123,52.050344635244365,8.61556639358072,30.62349611661064,8.9082402466868,170.30116261651,140.43321257546856,371.78817596603113,226.8407119748936,42,31,17.77777777777778,0.0,1.12,0,102.35292875573899,7.443315882742318,45,45,6.15,616,13.688888888888888
7.770459848823989,5.122273940046548,26.237690316879988,0.7383778642408695,14.731689583397122,-0.0029283721194834555,0.1369715057028305,0.018761193374500534,-0.256600290496429,0.2795868792672761,49.916822764343095,9.69029343742028,27.95868792672761,9.364637505711093,181.54568165928274,143.14319617412002,356.5487340310221,207.10139204983412,36,24,20.51282051282051,0.0,1.12,0,99.42241066793207,6.794163227138617,39,39,5.309999999999999,532,13.64102564102564
9.060976243700317,4.08449845638059,16.683127640175424,0.9951221083321538,14.696390612728061,-0.007446257633631745,0.10942133389259176,0.01197302831083405,-0.27939290470501443,0.23782360369968936,38.56057416445143,8.140989617692453,27.939290470501444,7.324272235238472,143.49786539682268,115.21206395203713,275.4326726032245,206.95770718889955,34,26,16.216216216216218,0.0,0.8400000000000001,0,79.13041908397064,4.97292596534494,37,37,5.029999999999999,504,13.621621621621621
8.56213757336736,3.939667058826282,15.52097653440093,0.7743537253005394,14.485850275169494,-0.004125470414655246,0.10313844953901807,0.010637539773312577,-0.25277991746818596,0.2741438022562682,38.972205509011374,8.651840024988639,27.41438022562682,6.661066762759004,150.07803254716677,107.95309809924854,278.37289649293837,203.06948315279124,38,26,14.634146341463413,0.0,0.8400000000000001,0,93.43987226987728,5.091475876405113,41,41,5.59,560,13.658536585365853
8.710027682413722,3.9509942541591077,15.610355596398282,0.7429819146685692,14.266700023242798,-0.008900460406404301,0.1237886580817031,0.015323631869668798,-0.295023739874705,0.237299535440731,49.19057661063428,6.585816386234599,29.5023739874705,8.056919493866554,128.6880199851595,131.20871759330018,351.36126150453055,218.53610361089255,36,27,10.256410256410255,0.0,0.56,0,67.57047612276699,5.885118464669716,39,39,5.309999999999999,532,13.64102564102564
7.207151865356558,3.999611258732773,15.996890220981955,1.1924287074535016,14.589380978297369,-0.012229398449276455,0.11026929634060981,0.012159317715453224,-0.25023180416854435,0.24112816486541033,31.687308672677734,6.796116274580433,25.023180416854434,7.0127109824386675,121.26548652354847,115.82886604216262,226.33791909055523,185.35689197669947,26,18,13.793103448275861,0.0,0.56,0,51.37863903582807,3.67662273542127,29,29,3.91,392,13.517241379310345
7.8011275522747745,4.962697383622728,24.62836532141587,0.5861518390701731,14.350605069949511,-0.009724755897139,0.12883908483494502,0.01659950978110616,-0.2704266294315957,0.30860076325345953,49.31251760135147,8.508689690327897,30.860076325345954,8.002822186578825,162.00456117329048,135.1463559083796,352.23226858108194,228.5931579655256,40,28,18.6046511627907,0.0,1.12,0,96.48854108831836,6.430748906176441,43,43,5.87,588,13.674418604651162
7.7667781852811855,4.726993883334455,22.34447117308135,0.7929417141199446,14.8195628658779,0.02295539511583537,0.14936643589983803,0.022310332173420426,-0.2860025349533057,0.30233421563751184,41.34957219968311,8.683421896360885,30.233421563751183,10.297256838090552,159.9269919775963,160.84643567545214,295.3540871405936,223.95127084260133,28,22,12.903225806451612,0.0,0.56,0,70.33571736052318,5.885343000387286,31,31,4.1899999999999995,420,13.548387096774194
8.758966728093469,4.443872977497025,19.74800704012828,0.4137824454248468,14.753826368285472,0.007175978265032692,0.11509697281403512,0.01324731315095474,-0.20256069896732842,0.29537858159691677,41.348461823724406,8.343769397056871,29.537858159691677,7.336281631719745,151.93354014007238,120.82042462320709,295.3461558837457,218.79894933104944,36,24,23.076923076923077,0.0,1.11,0,85.60707401380351,5.293472465182149,39,39,5.309999999999999,532,13.64102564102564
