force_mean,force_std,force_variance,force_min,force_max,torque_mean,torque_std,torque_variance,torque_min,torque_max,max_force_rate,mean_force_rate,max_torque_rate,mean_torque_rate,force_jerk_rms,torque_jerk_rms,force_jerk_max,torque_jerk_max,force_reversals,torque_reversals,pct_extreme_force,pct_extreme_torque,time_extreme_force,time_extreme_torque,force_total_variation,torque_total_variation,n_steps,n_commands,duration
11.965823999999996,5.806944,33.720598619136,0.35193599999999997,14.869296,-0.05272416416613033,0.3239884787395632,0.10496853435597639,-0.6351344999999999,0.3653366524532969,1451.7359999999999,5.818581162324649,100.04711524532968,0.33296070332915995,13010.769137521404,740.8073975260909,145173.59999999998,10004.711524532968,4,8,80.0,20.0,4.0,1.0,29.034719999999997,1.6614739096125082,500,500,5.0
9.062351999999997,7.11202488245816,50.580897928704,0.35193599999999997,14.869296,0.022252490709680422,0.31898538613516075,0.10175167656779761,-0.26384555612370664,0.6351344999999999,1451.7359999999999,2.9092905811623244,81.28685435564238,0.2328620302826773,9200.003085594033,533.2089140056185,145173.59999999998,8128.685435564237,2,8,60.0,20.0,3.0,1.0,14.517359999999998,1.1619815311105597,500,500,5.0
10.28552808099653,5.428279997459593,29.46622373081992,0.35193599999999997,14.869296,0.0732615793936794,0.2552346779707412,0.06514474083882794,-0.06886297968780632,0.6351344999999999,1451.7359999999999,5.794300116998667,70.16530950219861,0.25881510548086184,10803.909398844296,568.282758935645,145173.59999999998,7016.530950219861,8,10,50.93378607809848,16.97792869269949,3.0,1.0,34.07048468795217,1.5218328202274678,589,589,5.89
11.239956,6.286201277942029,39.5163265068,0.35193599999999997,14.869296,-0.03946497961666972,0.07755294087565187,0.006014458638462355,-0.17153390504113528,0.02698362104014883,1451.7359999999999,7.276872180451127,19.85175260812841,0.061837204615353324,14553.790069826582,143.512300864694,145173.59999999998,1985.175260812841,4,6,75.0,0.0,3.0,0.0,29.034719999999997,0.24673044641525976,400,400,4.0
9.310877420679688,6.576314504489504,43.24791246195903,0.35193599999999997,14.869296,-0.11464999455678046,0.3520279434052173,0.12392367293810687,-0.6351344999999999,0.4723770122668596,1451.7359999999999,4.902114465019222,92.07101299200978,0.515545293226788,10782.477956766885,828.9854692907231,145173.59999999998,9207.101299200978,6,12,57.14285714285714,14.285714285714285,4.0,1.0,34.265780110484364,3.6036615996552483,700,700,7.0
12.449736,5.410300635639391,29.271352968,0.35193599999999997,14.869296,0.15974570813436986,0.263256135792261,0.06930379303227334,-0.21147811712654926,0.43625192528789813,1451.7359999999999,4.847198664440734,64.77300424144474,0.1637268001100305,11873.179955425294,395.8801581264545,145173.59999999998,6477.300424144473,4,10,83.33333333333334,0.0,5.0,0.0,29.034719999999997,0.9807235326590826,600,600,6.0
12.668850162064947,4.656235717258732,21.680531054675942,0.35193599999999997,14.869296,-0.17921163461366335,0.21794568781468768,0.0475003228370173,-0.518372605780975,0.09055408363048864,1451.7359999999999,4.405786994753166,51.285195813693264,0.18521151389446214,10311.462181580382,355.98758215998805,145173.59999999998,5128.519581369326,8,16,77.77777777777779,0.0,7.0,0.0,39.60802508283096,1.6650515099112146,900,900,9.0
11.289297115020963,3.7751706377287233,14.251913343969095,5.207925669129768,14.869296,-0.016598743571803565,0.4257191747002483,0.1812368157074605,-0.6351344999999999,0.6351344999999999,966.1370330870233,5.4507512603485795,120.42214629386723,0.6482294975633254,9286.520869657563,1037.331122030561,96613.70330870233,12042.214629386723,16,18,50.0,30.0,5.0,3.0,54.45300509088231,6.47581268065762,1000,1000,10.0
9.776746214862184,5.943734813249562,35.3279835302348,0.35193599999999997,14.869296,-0.14760463551477968,0.28602271578983945,0.08180899394779527,-0.6351344999999999,0.14310858723939168,1451.7359999999999,3.5846272869525433,63.42075723669084,0.19793972715246838,8877.438264248121,453.254672214406,145173.59999999998,6342.075723669084,6,12,50.0,25.0,4.0,2.0,28.641172022750823,1.5815384199482225,800,800,8.0
9.796537071502174,6.6047874924869525,43.62321782091209,0.35193599999999997,14.869296,-0.13495761700056033,0.19563489817953558,0.03827301338571726,-0.6351344999999999,0.0018290491597816063,1451.7359999999999,6.896048989734995,61.73326884709211,0.20496816960989164,13852.087861504491,433.87061688823877,145173.59999999998,6173.326884709211,8,14,62.5,12.5,5.0,1.0,55.09943142798261,1.6376956751830343,800,800,8.0
10.105436440674533,6.247220405472407,39.02776279455083,0.35193599999999997,14.869296,0.030431651897040186,0.39372963531352195,0.155023025724119,-0.6351344999999999,0.6351344999999999,1451.7359999999999,2.498410759488043,60.140372382979244,0.32146675258196195,7851.010135362109,540.4371605167081,145173.59999999998,6014.037238297924,6,12,57.14285714285714,28.57142857142857,4.0,2.0,17.46389120882142,2.247052600547914,700,700,7.0
12.995055552399776,2.652053935818456,7.033390078490164,9.02995690172309,14.869296,0.10083428335332793,0.2053905368756594,0.0421852726380716,-0.09776751851000355,0.6351344999999999,552.2635325203977,1.2990743266466986,50.38913117154762,0.1536015831971247,3686.7581852564554,294.7016784188094,55226.35325203977,5038.9131171547615,8,16,66.66666666666666,11.11111111111111,6.0,1.0,11.678678196553822,1.380878232942151,900,900,9.0
8.439077920918844,5.504366822995055,30.298054122088676,0.35193599999999997,14.869296,0.15056100625080915,0.2603182869069321,0.06776561049815981,-0.05655255523747128,0.6351344999999999,1451.7359999999999,4.835287142883847,69.16870552374712,0.23745148680148814,9842.718228690488,490.07114272625404,145173.59999999998,6916.870552374712,8,10,33.33333333333333,16.666666666666664,2.0,1.0,28.96336998587424,1.422334405940914,600,600,6.0
10.767426488516866,5.70142067929827,32.50619776232995,0.35193599999999997,14.869296,-0.1530573086301183,0.2663378216441352,0.07093583523814317,-0.6351344999999999,0.08308343632848907,1451.7359999999999,7.019380272027185,70.80611851653413,0.25286384189275407,13553.57356850499,524.3231856330673,145173.59999999998,7080.6118516534125,6,8,60.0,20.0,3.0,1.0,35.026707557415655,1.2617905710448427,500,500,5.0
9.232095544261409,5.365802797701949,28.791839663826067,0.35193599999999997,14.869296,0.02761326459793206,0.25999790668449774,0.0675989114803208,-0.21972954819350332,0.6351344999999999,1451.7359999999999,6.297069611601364,85.48640481935033,0.23245290817273767,11390.30588540764,573.424933537428,145173.59999999998,8548.640481935032,10,12,42.857142857142854,14.285714285714285,3.0,1.0,44.016516585093534,1.6248458281274365,700,700,7.0
10.024146452206775,4.30409032409585,18.525193517975516,0.35193599999999997,14.869296,-0.010425641809167248,0.3239636102048887,0.10495242073698506,-0.6351344999999999,0.6351344999999999,1451.7359999999999,4.40666151977172,73.74145986236678,0.3346595075345559,9583.288554435067,640.9623159440994,145173.59999999998,7374.145986236678,14,14,25.0,25.0,2.0,2.0,35.20922554297604,2.673929465201102,800,800,8.0
9.8351666304292,5.360686178060909,28.736956299653276,0.35193599999999997,14.869296,-0.11818088958825287,0.2859022918570142,0.08174012048909333,-0.6351344999999999,0.28973833309883884,1451.7359999999999,5.017359013453679,92.48728330988386,0.36558103783083734,11042.347425678985,716.1093876678248,145173.59999999998,9248.728330988386,18,22,46.728971962616825,15.57632398753894,6.0,2.0,64.3727161426107,4.6904047153696435,1284,1284,12.84
11.965823999999996,5.806944,33.720598619136,0.35193599999999997,14.869296,-0.12262634932229691,0.29168467137376153,0.08507994751441926,-0.5749127033181267,0.25156514795555374,1451.7359999999999,5.818581162324649,82.64778512736804,0.26948422672667727,13010.769137521404,577.0432773263863,145173.59999999998,8264.778512736804,4,8,80.0,20.0,4.0,1.0,29.034719999999997,1.3447262913661195,500,500,5.0
11.214731094401333,5.049662556030169,25.499091929773137,0.35193599999999997,14.869296,-0.02084164399777858,0.3583042600658869,0.1283819427813627,-0.6351344999999999,0.6351344999999999,1451.7359999999999,4.9588536214115475,81.93005041067973,0.4165769961664459,11369.088503066381,726.734137114808,145173.59999999998,8193.005041067972,8,12,57.14285714285714,28.57142857142857,4.0,2.0,34.66238681366672,2.911873203203457,700,700,7.0
11.879183478964343,3.881825160697096,15.068566578221038,3.9242435601337156,14.869296,0.11735817956673958,0.34065087598094396,0.11604301930658448,-0.3784983912618019,0.6351344999999999,1094.5052439866283,3.371357274755214,99.52539306100722,0.290696585691784,6998.602447026803,637.4203759593086,109450.52439866283,9952.539306100722,12,18,60.0,30.0,6.0,3.0,33.67985917480459,2.9040588910609224,1000,1000,10.0
10.837555276327084,5.256213652723957,27.62778196308173,0.35193599999999997,14.869296,0.13593115378479276,0.3301968317579651,0.10902994770299791,-0.2803744627959653,0.6351344999999999,1451.7359999999999,6.114384129572304,91.55089627959651,0.2650135784552936,12182.150829800486,608.3715667832965,145173.59999999998,9155.08962795965,8,10,57.14285714285714,28.57142857142857,4.0,2.0,42.73954506571041,1.8524449134025025,700,700,7.0
9.87839450767853,4.029299966924951,16.23525822346141,0.35193599999999997,14.869296,-0.07186321830594866,0.1733395413385645,0.03004659659146391,-0.6351344999999999,0.06161064971535532,1451.7359999999999,3.945042807987728,69.55693966652639,0.13825551664453195,9446.234178394026,354.7535052198165,145173.59999999998,6955.693966652639,22,24,30.76923076923077,7.6923076923076925,4.0,1.0,51.24610607576059,1.79593916121247,1300,1300,13.0
8.900566450310594,5.6286683217552795,31.6819070763314,0.35193599999999997,14.869296,-0.10788577804042475,0.23517165285778666,0.055305706307863314,-0.6351344999999999,0.1841640614733656,1451.7359999999999,3.755037385864048,81.92985614733655,0.29079562053004865,9062.891198938332,568.7426327849661,145173.59999999998,8192.985614733654,8,14,37.5,12.5,3.0,1.0,30.002748713053744,2.323457008035089,800,800,8.0
9.257531063742041,5.638026216959696,31.78733962312486,0.35193599999999997,14.869296,-0.18364025765148828,0.29138214371637433,0.08490355367674983,-0.5870128554392854,0.2016760879354231,1451.7359999999999,5.418066502703268,78.02986635912376,0.4117708386034123,9861.992858244863,719.3516901686711,145173.59999999998,7802.986635912375,12,14,37.5,25.0,3.0,2.0,43.29035135659911,3.2900490004412646,800,800,8.0
8.655253385825237,5.7542683029602015,33.11160370245248,0.35193599999999997,14.869296,-0.05212080417163601,0.43707387765244576,0.19103357452614514,-0.6351344999999999,0.5357299892724521,801.3599334943162,2.906048208573052,117.0864489272452,0.6593861698872765,5970.094663122968,1076.1193103220548,80135.99334943162,11708.64489272452,8,12,28.57142857142857,28.57142857142857,2.0,2.0,20.313276977925632,4.609109327512063,700,700,7.0
10.68831304852332,5.214553824301847,27.19157158654102,0.35193599999999997,14.869296,-0.25686549476592724,0.3036322265166782,0.09219252897947539,-0.6351344999999999,0.1835924115949858,1451.7359999999999,6.153230473347667,81.87269115949857,0.3632052698739322,12429.816467709272,625.2134562280991,145173.59999999998,8187.269115949857,8,10,50.0,33.33333333333333,3.0,2.0,36.857850535352526,2.1755995665448538,600,600,6.0
10.123436408008173,4.552421352138971,20.72454016741082,0.35193599999999997,14.869296,-0.08186996078881639,0.19574495885328905,0.03831608891647582,-0.6351344999999999,0.12399172658141352,1451.7359999999999,3.08525349393311,75.91262265814134,0.18538971903017007,7651.243639071805,452.42134891723526,145173.59999999998,7591.2622658141345,12,18,40.0,10.0,4.0,1.0,30.821682404391773,1.852043293111399,1000,1000,10.0
7.105879966550433,6.268143462256574,39.28962246342983,0.35193599999999997,14.869296,0.03198295306138465,0.25132739347755334,0.06316545871222093,-0.28498402447964766,0.43136935909232704,1451.7359999999999,6.518556002745139,71.53970011523131,0.23624739927781765,12323.113958110613,466.65862769122276,145173.59999999998,7153.970011523131,10,14,37.5,0.0,3.0,0.0,52.08326246193366,1.8876167202297631,800,800,8.0
9.40085346606548,5.37006370627557,28.837584209458107,0.35193599999999997,14.869296,0.04954572843612686,0.30730776155209333,0.09443806031015825,-0.5436848641949483,0.6351344999999999,1451.7359999999999,2.8893000136404416,103.94486442794053,0.2925532464266225,7812.560093316496,647.1337382862338,145173.59999999998,10394.486442794052,10,18,40.0,10.0,4.0,1.0,28.864107136268014,2.9226069318019587,1000,1000,10.0
10.027788356328374,5.9790268524389445,35.74876210218595,0.35193599999999997,14.869296,-0.07304743196215609,0.3920482896509466,0.15370186141823253,-0.6351344999999999,0.6351344999999999,1451.7359999999999,7.215920930461082,123.30284383850416,0.41726310973245345,13514.604444305767,780.1002314816191,145173.59999999998,12330.284383850416,20,24,53.84615384615385,38.46153846153847,7.0,5.0,93.73481288668945,5.4202477954245705,1300,1300,13.0
3.9812759999999994,6.2862012779420295,39.516326506800006,0.35193599999999997,14.869296,-0.2824791708199509,0.3560850130835698,0.1267965365427261,-0.6351344999999999,0.13990069268822997,1451.7359999999999,3.6384360902255635,77.503519268823,0.3535391771228561,10291.083650339813,710.5271844785707,145173.59999999998,7750.351926882299,2,4,25.0,50.0,1.0,2.0,14.517359999999998,1.4106213167201958,400,400,4.0
11.57202100554843,4.6796337711087785,21.898972231701766,0.35193599999999997,14.869296,-0.006926608953028527,0.16099231641206846,0.025918525943723566,-0.19086541197152476,0.3918336396665086,1451.7359999999999,4.435483822705156,44.751064372099066,0.18041269437828783,10036.350028213305,330.0663383223499,145173.59999999998,4475.106437209906,14,18,60.0,0.0,6.0,0.0,44.31048338882451,1.8023228168390955,1000,1000,10.0
11.656352041072042,4.9381800344422695,24.385622052564255,0.35193599999999997,14.869296,0.03134563870898301,0.17568637120632158,0.03086570102764542,-0.19120719945708967,0.4024888657255005,1451.7359999999999,4.416091924863806,59.36960651825902,0.18210716750664163,10044.52861608682,370.3382577540367,145173.59999999998,5936.960651825902,8,12,57.14285714285714,0.0,4.0,0.0,30.868482554798003,1.272929100871425,700,700,7.0
10.438986667737675,4.097696796542255,16.79111903639266,0.35193599999999997,14.869296,-0.07857069591487757,0.35223081992699357,0.12406655050644216,-0.6351344999999999,0.5887515513184048,1032.4588107579727,3.463500079404614,122.38860513184049,0.443456073394248,6867.913206814609,828.0002451727287,103245.88107579727,12238.860513184049,22,28,33.33333333333333,20.0,5.0,3.0,51.91786619027516,6.6474065401797775,1500,1500,15.0
8.350243676257483,6.040297212291363,36.48519041281481,0.35193599999999997,14.869296,-0.1216640303265837,0.23668337506744944,0.05601902003331895,-0.6351344999999999,0.03574756152345155,1451.7359999999999,3.41395204830454,64.32582134889573,0.2261557087588256,8792.291694509093,480.29901510754564,145173.59999999998,6432.582134889572,6,10,33.33333333333333,16.666666666666664,2.0,1.0,20.449572769344197,1.3546726954653654,600,600,6.0
11.239956,6.286201277942029,39.5163265068,0.35193599999999997,14.869296,-0.34445083210327354,0.2906894201660649,0.08450033899648302,-0.6351344999999999,-0.05118096445062734,1451.7359999999999,7.276872180451127,58.39535355493726,0.43776646795395435,14553.790069826582,714.8781625799807,145173.59999999998,5839.535355493726,4,6,75.0,50.0,3.0,2.0,29.034719999999997,1.746688207136278,400,400,4.0
9.110674293618812,6.038752668506483,36.46653379139417,0.35193599999999997,14.869296,0.10922848785105926,0.2371546178198229,0.05624231275326626,-0.15820986966258677,0.6351344999999999,1451.7359999999999,4.498021453335946,79.33443696625866,0.21087130461637166,9473.706483568838,498.12850145478313,145173.59999999998,7933.443696625866,8,12,42.857142857142854,14.285714285714285,3.0,1.0,31.441169958818264,1.4739904192684379,700,700,7.0
10.030175999999999,6.8435491339508925,46.834164748800006,0.35193599999999997,14.869296,-0.11178668436454167,0.17641497494612582,0.031122243385242204,-0.4698565224251456,0.028246798408367267,1451.7359999999999,2.423599332220367,49.810332083351284,0.2226630109673421,8395.606060729415,427.6161999279939,145173.59999999998,4981.033208335129,2,10,66.66666666666666,0.0,4.0,0.0,14.517359999999998,1.3337514356943792,600,600,6.0
9.812730663343999,3.6187534403290615,13.09537646189342,4.017620264916395,14.869296,-0.1526806712901299,0.28163433107340513,0.07931789643916437,-0.6351344999999999,0.24375864579276602,810.3238317490095,3.613744778803911,65.05471353068187,0.21686996114765886,6296.329367941142,461.66894195523327,81032.38317490096,6505.4713530681865,16,16,30.0,20.0,3.0,2.0,36.101310340251075,2.166530911865112,1000,1000,10.0
9.748546803689006,2.908301168291284,8.458215685484447,4.786689193227241,14.869296,0.02674966125303898,0.3647083762886517,0.13301219973510478,-0.6351344999999999,0.6351344999999999,639.7448949386416,3.1524127530497004,127.02689999999998,0.4139209695806896,5546.867255807007,855.765348002409,63974.48949386415,12702.689999999999,18,18,20.0,30.0,2.0,3.0,31.492603402966505,4.135070486111089,1000,1000,10.0
11.38104582234839,5.459883371883294,29.810326434567692,0.35193599999999997,14.869296,0.08903928616223089,0.2559620634830145,0.06551657794248272,-0.14092506503918997,0.6351344999999999,1451.7359999999999,5.917672965928157,52.506769440449695,0.17759607949875572,12438.787052626027,351.3889496710275,145173.59999999998,5250.67694404497,6,10,66.66666666666666,16.666666666666664,4.0,1.0,35.44686106590966,1.0638005161975468,600,600,6.0
9.062351999999997,7.11202488245816,50.580897928704,0.35193599999999997,14.869296,-0.12273140904501363,0.14838590114527028,0.022018375658693922,-0.32817815494266467,0.0009482906031852792,1451.7359999999999,2.9092905811623244,32.02148196571937,0.13176016487146394,9200.003085594033,271.26699505885813,145173.59999999998,3202.1481965719368,2,8,60.0,0.0,3.0,0.0,14.517359999999998,0.6574832227086052,500,500,5.0
8.266155440870419,5.4445073878186045,29.64266069601137,0.35193599999999997,14.869296,-0.012621077407190668,0.2597703483128744,0.06748063386259207,-0.4308028407142325,0.6351344999999999,1343.805918585526,4.997634431852709,65.36398877675539,0.1727639165594954,9451.359889115616,369.14031292823785,134380.5918585526,6536.398877675539,14,18,20.0,10.0,2.0,1.0,49.92636797420856,1.7259115264293592,1000,1000,10.0
10.460461190217032,5.155134968617013,26.575416544657926,0.35193599999999997,14.869296,0.05812978522009979,0.4064852833722139,0.16523028559818903,-0.6351344999999999,0.6351344999999999,1451.7359999999999,7.023787487848125,115.8208889395699,0.40258122974171184,12766.357218680632,734.0479128761608,145173.59999999998,11582.088893956989,20,22,50.0,25.0,6.0,3.0,84.21521197929903,4.826948944603125,1200,1200,12.0
10.693521495218905,5.727776521260361,32.80742387750144,0.35193599999999997,14.869296,-0.048890169426128324,0.3412955953371888,0.1164826833965661,-0.6351344999999999,0.43427947751687274,1451.7359999999999,7.093433371524141,65.44244483461168,0.35498000250436634,13621.037419150494,637.2006903044723,145173.59999999998,6544.244483461168,6,8,60.0,20.0,3.0,1.0,35.39623252390547,1.7713502124967881,500,500,5.0
12.10902161292701,4.421927617124867,19.553443851091604,3.15974866313861,14.869296,-0.06513492957561591,0.2425062544297017,0.058809283437523216,-0.39878126925584834,0.37991933025631214,1170.954733686139,4.391710128191642,72.6835956114818,0.27967264489742255,9569.895398493989,510.5147146787863,117095.4733686139,7268.359561148181,8,12,71.42857142857143,0.0,5.0,0.0,30.698053796059575,1.9549117878329838,700,700,7.0
11.031227635028891,3.7708123563755236,14.21902582699433,2.9465966094949976,14.869296,-0.03375638503369534,0.19283631708039287,0.037185845185129816,-0.5323538205975691,0.09241688575183168,1192.2699390505002,2.8712037803188792,62.47707063494008,0.18335286715913574,6892.668011245594,430.4525341496425,119226.99390505001,6247.707063494007,12,14,37.5,0.0,3.0,0.0,22.940918204747845,1.4649894086014945,800,800,8.0
9.661960766956211,4.779653564086834,22.84508819268797,0.35193599999999997,14.869296,-0.0064122815780126175,0.3075806174287462,0.09460583621784872,-0.41784022202180443,0.6351344999999999,1451.7359999999999,6.480897026521119,63.140228551996934,0.3881484844262404,11099.8351480126,636.1268503175419,145173.59999999998,6314.022855199693,14,14,37.5,12.5,3.0,1.0,51.78236724190374,3.101306390565661,800,800,8.0
9.803790847003377,5.601320219690038,31.37478820350845,0.35193599999999997,14.869296,0.09503257518928541,0.18469882980016555,0.03411365772955052,-0.057967189116265944,0.4638262397748767,1451.7359999999999,3.3654187306814136,46.852329578124795,0.20130764302172313,8088.528666737716,412.20990313769727,145173.59999999998,4685.232957812479,10,16,44.44444444444444,0.0,4.0,0.0,30.25511438882591,1.809755710765291,900,900,9.0
11.239956,6.286201277942029,39.5163265068,0.35193599999999997,14.869296,-0.04912735425709749,0.09524217927339695,0.009071072712745884,-0.2133974867983594,0.0196759165918396,1451.7359999999999,7.276872180451127,21.409682467747423,0.060512894373533466,14553.790069826582,152.68370855854985,145173.59999999998,2140.968246774742,4,6,75.0,0.0,3.0,0.0,29.034719999999997,0.24144644855039854,400,400,4.0
11.377280175878868,5.102345360009522,26.0339281728107,0.35193599999999997,14.869296,0.0863639988597145,0.465453827286119,0.21664726533529632,-0.6351344999999999,0.6029092714710037,1451.7359999999999,5.954381552425175,117.45895427587931,0.5627499219348843,11663.769841143592,980.996220452031,145173.59999999998,11745.89542758793,10,14,62.5,37.5,5.0,3.0,47.57550860387715,4.496371876259725,800,800,8.0
7.695150354864479,6.0501567165704895,36.604396295063005,0.35193599999999997,14.869296,0.030942998893326842,0.3577224277637428,0.12796533532518617,-0.6351344999999999,0.5550103001192787,1451.7359999999999,7.919650837845062,59.59883499502284,0.21796038431249184,13686.483444519534,457.78854478621497,145173.59999999998,5959.883499502284,12,14,37.5,12.5,3.0,1.0,63.27801019438204,1.74150347065681,800,800,8.0
9.402146067025075,5.718566121721372,32.70199848849941,0.35193599999999997,14.869296,-0.07060018804764118,0.36173742299348605,0.13085396319396825,-0.6351344999999999,0.6351344999999999,1451.7359999999999,6.131491943108778,70.28314226443297,0.24159271463382012,12630.292600464654,557.487565211257,145173.59999999998,7028.314226443296,10,12,44.593088071348944,33.44481605351171,4.0,3.0,54.938167810254654,2.1646707231190283,897,897,8.97
11.392307135734006,4.404651435289778,19.400954266400298,3.7484299869932602,14.869296,0.01734312535398867,0.2513330833385146,0.06316831878044472,-0.32750843066190705,0.6351344999999999,771.0586344673567,1.7590974193609563,96.2642930661907,0.2622230011221681,4400.986698937338,589.2154152314772,77105.86344673566,9626.42930661907,8,16,55.55555555555556,11.11111111111111,5.0,1.0,15.814285800054998,2.357384780088292,900,900,9.0
10.97476460987199,4.020186812201484,16.161902004998726,4.518249832906454,14.869296,0.04843054309795561,0.2209089347138835,0.04880075743642285,-0.24531989790950356,0.6351344999999999,1035.1046167093546,5.608283766296817,88.04543979095035,0.27585828589237765,9408.579219009205,524.4339458114273,103510.46167093546,8804.543979095035,22,26,50.0,7.142857142857142,7.0,1.0,78.45988989049248,3.8592574196343636,1400,1400,14.0
9.713412987007686,6.323361741631162,39.98490371552469,0.35193599999999997,14.869296,0.00935003934143022,0.3406088014524075,0.11601435562684558,-0.6351344999999999,0.6351344999999999,1451.7359999999999,4.257170567683683,63.93808533017623,0.29682398267908605,9596.014097940459,591.4226253222976,145173.59999999998,6393.808533017623,8,12,57.14285714285714,28.57142857142857,4.0,2.0,29.757622268108946,2.0747996389268115,700,700,7.0
9.21157362641847,6.344427019422236,40.25175420477492,0.35193599999999997,14.869296,-0.22959916609127679,0.28744552078236524,0.08262492741784518,-0.6351344999999999,-0.002475579108653636,1206.1552879255405,4.855304347826086,63.26589208913463,0.4068916393733008,10083.944527339114,705.3256201706203,120615.52879255405,6326.589208913463,4,4,33.33333333333333,33.33333333333333,1.0,1.0,14.517359999999998,1.2166060017261695,300,300,3.0
10.644486620634531,5.882552002397684,34.604418060913005,0.35193599999999997,14.869296,-0.19280919725779488,0.2871894457689605,0.08247777776108271,-0.6351344999999999,0.10590813935900527,1451.7359999999999,6.72079755899978,74.10426393590052,0.41324482570066073,12960.868520758238,704.7367022838031,145173.59999999998,7410.426393590052,10,12,57.14285714285714,28.57142857142857,4.0,2.0,46.97837493740846,2.8885813316476185,700,700,7.0
9.586944669164827,5.69644003363476,32.44942905679679,0.35193599999999997,14.869296,0.07783017122125194,0.3849842429561347,0.14821286732450814,-0.6351344999999999,0.6351344999999999,1451.7359999999999,3.4620518279011963,86.37043096287047,0.30481859843832326,8287.332223504296,613.5635340582984,145173.59999999998,8637.043096287047,10,14,44.44444444444444,33.33333333333333,4.0,3.0,31.123845932831756,2.7403191999605263,900,900,9.0
8.545386132472588,6.056565612424598,36.68198701760414,0.35193599999999997,14.869296,-0.0025474968743871753,0.07866345306678335,0.006187938848390027,-0.15942144642799197,0.13154603533092585,1451.7359999999999,5.279162801070748,29.096748175891783,0.09573299203135686,11219.352647236015,197.51254655050477,145173.59999999998,2909.674817589178,8,12,42.857142857142854,0.0,3.0,0.0,36.901347979484534,0.6691736142991844,700,700,7.0
9.490343137246315,5.557281311949545,30.883375580143653,0.35193599999999997,14.869296,-0.05724335035026322,0.3949721803501767,0.15600302325057253,-0.6351344999999999,0.6351344999999999,1451.7359999999999,5.680913599473912,127.02689999999998,0.42997930879586227,12203.589914898985,867.4770810719453,145173.59999999998,12702.689999999999,12,16,42.87245444801715,32.154340836012864,4.0,3.0,52.94611474709686,4.007407157977436,933,933,9.33
11.689324795445724,4.696788591392416,22.059823072233954,0.35193599999999997,14.869296,-0.00920870171468584,0.18230354632727155,0.03323458300349965,-0.4672824237406426,0.30896767132717895,845.520168708736,2.842960504314697,48.25181754356313,0.17319116788992908,6718.734818788604,334.0792237135964,84552.0168708736,4825.181754356313,10,20,63.63636363636363,0.0,7.0,0.0,31.24413594241852,1.9033709351103207,1100,1100,11.0
10.756569574802075,5.705060117974438,32.547710949702505,0.35193599999999997,14.869296,-0.22159974895245058,0.2270984537150158,0.05157370767975117,-0.6351344999999999,-0.006210170662341513,1451.7359999999999,7.030258943084089,61.46646844318582,0.2886833378528088,13563.251931454784,504.01852196425597,145173.59999999998,6146.646844318581,6,8,60.0,20.0,3.0,1.0,35.0809921259896,1.440529855885516,500,500,5.0
11.891360281959335,5.134632744150955,26.364453417307164,0.35193599999999997,14.869296,0.004579969680925855,0.388697652461693,0.1510858650292311,-0.6351344999999999,0.5365160525170013,1451.7359999999999,5.108979344076329,113.4508345148826,0.4918940678224408,11449.444419124022,935.5136113784645,145173.59999999998,11345.083451488259,10,12,71.42857142857143,14.285714285714285,5.0,1.0,35.71176561509354,3.438339534078861,700,700,7.0
10.073962408770722,4.7762338806607,22.812410082771173,0.35193599999999997,14.869296,-0.03680218075249013,0.261402499195529,0.06833126658566853,-0.5656618361462876,0.6351344999999999,1451.7359999999999,5.760166862560828,83.7758562191641,0.2839227994253069,11605.33933922937,579.0723357979616,145173.59999999998,8377.585621916409,24,28,40.0,6.666666666666667,6.0,1.0,86.3449012697868,4.25600276338535,1500,1500,15.0
8.33182616382112,5.530410161782846,30.585436557550963,0.35193599999999997,14.869296,-0.07703725094788333,0.220048798113984,0.04842147355140889,-0.6351344999999999,0.20852616167846588,1010.2076967480458,5.873375424726124,64.61927015417919,0.21307633303319592,9918.855357206843,453.4798210662492,101020.76967480459,6461.9270154179185,14,16,33.33333333333333,11.11111111111111,3.0,1.0,52.801645068287854,1.9155562339684316,900,900,9.0
9.286970005729593,4.337690550358476,18.81555931066922,0.35193599999999997,14.869296,0.03508547733694533,0.21605033142716748,0.04667774570978891,-0.2277814562329545,0.6351344999999999,1451.7359999999999,4.063049927223673,86.29159562329545,0.2209259772869485,8226.057201756688,522.5524934795033,145173.59999999998,8629.159562329545,18,18,30.0,10.0,3.0,1.0,40.5898687729645,2.2070505130966156,1000,1000,10.0
9.569584423981274,5.980138573753809,35.76205736129825,0.35193599999999997,14.869296,0.1060500139415424,0.3120146206350423,0.09735312349002938,-0.16646250398139475,0.6351344999999999,1451.7359999999999,5.602314209505035,80.15970039813946,0.39117809248336133,11694.49163697515,751.9097456971158,145173.59999999998,8015.970039813947,4,6,50.0,25.0,2.0,1.0,22.35323369592509,1.5608005890086116,400,400,4.0
6.582339321645444,6.2717715036077735,39.335117793466516,0.35193599999999997,14.869296,0.003195517142638951,0.18555221256943746,0.034429623589413705,-0.31159848221220965,0.32088832221544916,1451.7359999999999,5.1254935493034255,63.24868044276588,0.22033351063521991,10338.381033691256,437.9123247629945,145173.59999999998,6324.868044276588,8,10,33.33333333333333,0.0,2.0,0.0,30.70170636032752,1.3197977287049674,600,600,6.0
11.274990079248882,5.205015809486816,27.092189577007687,0.35193599999999997,14.869296,0.13007186744815016,0.4383988584918024,0.19219355912691535,-0.6351344999999999,0.6351344999999999,1451.7359999999999,5.286650397435754,104.08627424943215,0.3879013825000248,11383.394668285306,745.9135239195805,145173.59999999998,10408.627424943215,10,10,57.14285714285714,42.857142857142854,4.0,3.0,36.95368627807592,2.7114306636751735,700,700,7.0
14.110754471129308,2.006912244506574,4.027696757150415,8.800963769034459,14.869296,-0.006788451572310823,0.2523866236430649,0.0636990077939461,-0.31214471777360114,0.5480826820465128,606.8332230965542,0.7594908924863006,49.92349386089936,0.25333480898447247,3037.9659493017034,427.91363886165385,60683.32230965542,4992.349386089936,2,14,87.5,0.0,7.0,0.0,6.0683322309655425,2.024145123785935,800,800,8.0
10.48534218141052,6.299298348486881,39.68115968324955,0.35193599999999997,14.869296,-0.05353340194756182,0.4244903348436961,0.1801920443757132,-0.6351344999999999,0.4400986673073884,1451.7359999999999,5.300175265038343,107.52331673073883,0.5453851410263967,12023.015239595932,1028.4080352871526,145173.59999999998,10752.331673073882,8,16,66.66666666666666,22.22222222222222,6.0,2.0,47.6485756326947,4.903012417827306,900,900,9.0
9.443508888583267,4.889216496068811,23.904437945431383,0.35193599999999997,14.869296,0.06781622621736966,0.15744320052852687,0.024788361392665922,-0.17915356200069252,0.396533835285781,1451.7359999999999,4.0935174249457855,40.77413952425306,0.18215286125220698,9408.118409421439,319.28204412961685,145173.59999999998,4077.413952425306,14,16,33.33333333333333,0.0,3.0,0.0,36.800721650262616,1.6375542226573407,900,900,9.0
8.978353883752304,5.9760438137896905,35.71309966433403,0.35193599999999997,14.869296,0.008600431875276206,0.20486937648838,0.04197146142273759,-0.6351344999999999,0.21809071832209448,1451.7359999999999,7.764076050132821,83.54476242237975,0.20589608266956377,13492.780752153372,474.98563118774194,145173.59999999998,8354.476242237975,22,24,38.46153846153847,7.6923076923076925,5.0,1.0,100.85534789122534,2.6745901138776333,1300,1300,13.0
12.113236887550363,5.311228826397868,28.20915164635968,0.35193599999999997,14.869296,-0.07863262949785918,0.2509357556137932,0.06296875344546535,-0.5234901296893874,0.2991236736405493,1451.7359999999999,5.521320425608623,82.26138033299365,0.26226130261525876,11987.453889234659,578.3642038792916,145173.59999999998,8226.138033299365,8,10,66.66666666666666,0.0,4.0,0.0,33.07270934939565,1.5709452026654,600,600,6.0
8.383908783935853,5.582360974206734,31.162754046346365,0.35193599999999997,14.869296,-0.08466549942666984,0.12772375371426958,0.016313357262863395,-0.33876254333472966,-0.0016014190550915075,1451.7359999999999,3.421122702395947,33.17264500923163,0.09926369181766037,8529.216603209201,222.26548055578508,145173.59999999998,3317.264500923163,8,12,28.57142857142857,0.0,2.0,0.0,23.913647689747673,0.6938532058054461,700,700,7.0
11.222023348418846,3.308673367045699,10.947319449797522,4.091385557131619,14.869296,0.018702445172197615,0.1826080098549062,0.03334568526316952,-0.20607261526531648,0.6351344999999999,1077.7910442868383,3.093901539369004,64.7829841253352,0.15046282049873655,6956.435909502336,368.7101822964617,107779.10442868383,6478.298412533521,20,24,37.74124374553252,7.147962830593281,5.28,1.0,43.25274352037867,2.103470230572337,1399,1399,13.99
9.151316305784595,6.012491056760737,36.150048707627846,0.35193599999999997,14.869296,-0.06626488310326782,0.26437499249613655,0.06989413665733225,-0.4766438228031515,0.4172368196414038,908.2392122462841,4.640878402869624,89.38806424445553,0.3048562762342726,8838.483442474278,583.4053000536662,90823.9212246284,8938.806424445553,8,12,42.857142857142854,0.0,3.0,0.0,32.43974003605867,2.130945370877565,700,700,7.0
12.145131727602639,3.3969427895774733,11.539220315662387,4.383829516529105,14.869296,0.004991813065512322,0.27526802612082146,0.07577248620445326,-0.48919022609415896,0.6351344999999999,1048.5466483470893,3.9066271766269067,112.43247260941588,0.3317316600817663,7613.966760397572,676.2523955876658,104854.66483470894,11243.247260941587,16,20,54.54545454545454,9.090909090909092,6.0,1.0,42.93383267112971,3.6457309442986117,1100,1100,11.0
12.431536896040939,4.8575577535815295,23.595867329380038,0.35193599999999997,14.869296,0.09198756038551333,0.27828340964444986,0.07744165608334068,-0.2795294988836171,0.6351344999999999,1451.7359999999999,4.055304998401728,80.56572527588237,0.35169431571269194,10302.772481040653,658.9155428586442,145173.59999999998,8056.572527588237,6,16,77.77777777777779,11.11111111111111,7.0,1.0,36.457191935631535,3.1617318982571003,900,900,9.0
8.228121762953743,4.891791230419657,23.92962144201066,0.35193599999999997,14.869296,-0.07197621312306914,0.20775319729174271,0.043161390984941775,-0.6351344999999999,0.1490281748128508,1451.7359999999999,3.0895575322344007,78.41626748128508,0.19594304952774447,8111.3926502470395,490.9270031278793,145173.59999999998,7841.626748128508,12,16,22.22222222222222,11.11111111111111,2.0,1.0,27.775122214787263,1.7615280152544228,900,900,9.0
9.163226513941321,5.245335583383969,27.513545382314042,0.35193599999999997,14.869296,0.08317700753153927,0.2498184952865246,0.06240928058722332,-0.3228337204092551,0.6351344999999999,1097.5079860140136,4.731912509618917,69.46761447207994,0.2661985178568641,9210.49300592054,510.2126448500216,109750.79860140136,6946.761447207994,16,22,33.33333333333333,8.333333333333332,4.0,1.0,56.73563099033082,3.191720229103801,1200,1200,12.0
9.281694268287435,4.6729418776854486,21.83638579222641,0.35193599999999997,14.869296,-0.11691265520619311,0.18776017558122607,0.03525388353429284,-0.6351344999999999,0.03216183135156286,1180.9664198652645,2.411528938563776,63.68325629987421,0.13062355775748102,6489.864096546491,315.91686105354484,118096.64198652645,6368.325629987421,16,22,25.0,8.333333333333332,3.0,1.0,28.914231973379675,1.5661764575121975,1200,1200,12.0
4.855415695899627,4.872569544363615,23.741933964659847,0.35193599999999997,14.869296,-0.02145798017839106,0.15109944736823797,0.02283104299498691,-0.3418807120353701,0.12994210936848097,1451.7359999999999,5.286269102792782,34.5206794129297,0.14588991431162093,10958.658529943134,293.1505367663926,145173.59999999998,3452.0679412929703,8,10,16.666666666666664,0.0,1.0,0.0,31.664751925728766,0.8738805867266093,600,600,6.0
8.801706985768933,4.413834780600568,19.481937470439263,0.35193599999999997,14.869296,-0.11092268194092071,0.32063903336407257,0.10280938971664683,-0.6351344999999999,0.2878087644796233,857.1977274367057,3.719099420145995,79.87328387437536,0.23972842273508566,7126.28460034657,536.2678805674517,85719.77274367056,7987.328387437536,12,12,25.0,25.0,2.0,2.0,29.7156043669665,1.9154300976533345,800,800,8.0
10.525668764195622,4.888135641407424,23.893870048797567,0.35193599999999997,14.869296,-0.04974624584730563,0.2564924067412475,0.06578835471591755,-0.6351344999999999,0.21726121574280088,1451.7359999999999,5.933426719524695,85.23957157428008,0.3028499554323906,11772.603044336676,640.2762072988252,145173.59999999998,8523.957157428007,10,12,43.41534008683068,14.47178002894356,3.0,1.0,40.9406443647204,2.0896646924834954,691,691,6.91
10.536722929635863,5.057046580948738,25.573720121885316,0.35193599999999997,14.869296,-0.053576917248823436,0.26956295798922425,0.07266418831990028,-0.6351344999999999,0.33405927002943503,1451.7359999999999,3.8811639643675786,67.56316533033872,0.2677235454314697,9011.149252122943,499.4051090217021,145173.59999999998,6756.316533033872,8,14,50.0,12.5,4.0,1.0,31.010500075296957,2.1391111279974426,800,800,8.0
10.074376938187724,5.363961507090385,28.772083049547362,0.35193599999999997,14.869296,-0.11977399501888984,0.4294925589918112,0.18446385822933442,-0.6351344999999999,0.6351344999999999,1451.7359999999999,5.872150840633439,127.02689999999998,0.38877811431933534,11936.450453682855,781.5302550387572,145173.59999999998,12702.689999999999,10,14,50.0,37.5,4.0,3.0,46.918485216661175,3.1063371334114898,800,800,8.0
7.387823285569169,6.416930072098887,41.17699155020702,0.35193599999999997,14.869296,-0.020141906397954292,0.2771293436997241,0.07680067313943979,-0.6351344999999999,0.4155316162150105,1451.7359999999999,5.058358376634755,47.76122238363421,0.211958256749796,10054.348816920507,387.8542957682661,145173.59999999998,4776.122238363421,10,14,37.5,12.5,3.0,1.0,40.4162834293117,1.69354647143087,800,800,8.0
11.237808208246907,4.660664081703413,21.721789682480313,0.35193599999999997,14.869296,0.03878605445049052,0.23826893413062825,0.05677208497174566,-0.3361781179057285,0.6351344999999999,1451.7359999999999,4.179572716078809,65.78055321011038,0.19995465089782136,8584.631983245928,408.4452761256094,145173.59999999998,6578.055321011038,14,18,50.0,10.0,5.0,1.0,41.75393143362731,1.9975469624692355,1000,1000,10.0
9.527420037527671,4.675641690931753,21.861625221979146,0.35193599999999997,14.869296,-0.061352711781289475,0.07932356769267526,0.0062922283914944345,-0.2313055457854967,0.0058110994285352794,1451.7359999999999,2.7350590380994304,13.491738995587687,0.05321241550137332,7613.990744135344,104.63708583835304,145173.59999999998,1349.1738995587687,12,16,33.33333333333333,0.0,3.0,0.0,24.588180752513882,0.47837961535734613,900,900,9.0
8.245280232002509,5.9979431614834064,35.97532216838556,0.35193599999999997,14.869296,-0.014954989620386225,0.3186507369774928,0.10153829217629928,-0.6351344999999999,0.42339154722143085,1451.7359999999999,3.378260943957719,105.85260472214308,0.35873064421342576,8887.866170904177,737.638196259688,145173.59999999998,10585.260472214308,6,10,33.33333333333333,16.666666666666664,2.0,1.0,20.235783054306737,2.1487965588384204,600,600,6.0
12.331996598598478,4.527479908964375,20.498074326076065,1.0599566018636568,14.869296,-0.050621385609789495,0.25454508656100644,0.06479320109235025,-0.6351344999999999,0.25919947398858345,1193.154543459931,3.456655669120486,53.95293735488372,0.2001839729940425,7943.349751761185,385.0305053561832,119315.45434599309,5395.2937354883725,8,14,62.5,12.5,5.0,1.0,27.618678796272686,1.5994699442223996,800,800,8.0
7.8683127047,5.564581943013908,30.96457220051644,0.35193599999999997,14.869296,0.11419894382230913,0.15745896855268932,0.024793326777676806,-0.0033922141520313395,0.4652766293927415,1451.7359999999999,3.7184008174634844,46.866884354477286,0.15492510284402355,9137.549479799345,329.3988608477355,145173.59999999998,4686.688435447729,8,12,28.57142857142857,0.0,2.0,0.0,25.99162171406976,1.0829264688797247,700,700,7.0
10.713039430606798,5.198649953987081,27.025961344089882,0.35193599999999997,14.869296,0.07995795706354206,0.35482838677435663,0.1259031840608924,-0.6022377578427348,0.6351344999999999,1060.7995566302416,3.734337736403117,123.73722578427348,0.4269878550777564,8056.687339746701,822.2686957267657,106079.95566302416,12373.722578427347,8,16,55.55555555555556,33.33333333333333,5.0,3.0,33.571696250264026,3.8386208171490304,900,900,9.0
9.588933660022551,4.9062127314432935,24.07092336617626,0.35193599999999997,14.869296,-0.058490313286439936,0.40314926684141117,0.16252933135476735,-0.6351344999999999,0.5691973446549922,1451.7359999999999,4.432950058696621,120.4331844654992,0.5213440038530618,9157.414929678902,998.0796743760696,145173.59999999998,12043.31844654992,12,16,33.33333333333333,22.22222222222222,3.0,2.0,39.852221027682624,4.686882594639026,900,900,9.0
11.755844229175105,3.126119783236171,9.772624899140567,7.3765631818817194,14.869296,0.02709584815188151,0.24647984711539384,0.060752315034027914,-0.6351344999999999,0.29442775474201727,749.273281811828,3.259295152252882,92.95622547420173,0.22962949737535923,6576.085785020398,576.5738544032317,74927.3281811828,9295.622547420173,14,18,49.652432969215496,9.930486593843098,5.0,1.0,32.788509231663994,2.310072743596114,1007,1007,10.07
9.541483923029366,5.346877249730798,28.589096323688782,0.35193599999999997,14.869296,-0.100361771096523,0.30492392742348157,0.09297860151536065,-0.6351344999999999,0.28181663866247075,1451.7359999999999,8.213391156565486,91.69511386624707,0.38273449025613054,14071.615361498601,741.5650253982529,145173.59999999998,9169.511386624707,18,18,40.0,20.0,4.0,2.0,82.05177765408921,3.8235175576587443,1000,1000,10.0
11.37624422876194,3.972691310507937,15.782276248585267,1.7953511426718594,14.869296,0.1773431086816295,0.27855005339823713,0.07759013224816075,-0.2057707279573504,0.6351344999999999,1307.394485732814,3.6873673959569717,84.09052279573503,0.3934175180171538,7955.866147232096,671.4407884402207,130739.4485732814,8409.052279573503,14,20,45.45454545454545,18.181818181818183,5.0,2.0,40.52416768156712,4.32365852300852,1100,1100,11.0
